{
    "loss": 22.873615264892578,
    "accuracy": 0.36049383878707886
}